{"type": "metrics", "dataset": "train", "precision": 0.7165737165737166, "balanced_accuracy": 0.7177956204955191, "recall": 0.7184916121015151, "f1_score": 0.7175313827502268}
{"type": "metrics", "dataset": "test", "precision": 0.7258753202391118, "balanced_accuracy": 0.7168387617991908, "recall": 0.7148864592094197, "f1_score": 0.7203389830508474}
{"type":"cm_matrix","dataset":"train","true_0":{"predicted_0":15772,"predicted_1":5946},"true_1":{"predicted_0":5890,"predicted_1":15033}}
{"type":"cm_matrix","dataset":"test","true_0":{"predicted_0":6841,"predicted_1":642},"true_1":{"predicted_0":678,"predicted_1":1700}}