{"type": "metrics", "dataset": "train", "precision": 0.7169047619047619, "balanced_accuracy": 0.7183451468556183, "recall": 0.7195430865554653, "f1_score": 0.7182215013238556}
{"type": "metrics", "dataset": "test", "precision": 0.7304088586030665, "balanced_accuracy": 0.721963763318815, "recall": 0.7211942809083264, "f1_score": 0.7257723233178164}
{"type":"cm_matrix","dataset":"train","true_0":{"predicted_0":105511,"predicted_1":5945},"true_1":{"predicted_0":5868,"predicted_1":15055}}
{"type":"cm_matrix","dataset":"test","true_0":{"predicted_0":11550,"predicted_1":633},"true_1":{"predicted_0":663,"predicted_1":1715}}